code,category
1,Продукция и услуги сельского хозяйства и охоты 
2,"Продукция лесоводства, лесозаготовок и связанные с этим услуги "
3,"Рыба и прочая продукция рыболовства и рыбоводства; услуги, связанные с рыболовством и рыбоводством "
5,Уголь 
6,Нефть и газ природный 
7,Руды металлические 
8,Продукция горнодобывающих производств прочая 
9,Услуги в области добычи полезных ископаемых 
10,Продукты пищевые 
11,Напитки 
12,Изделия табачные 
13,Текстиль и изделия текстильные 
14,Одежда 
15,Кожа и изделия из кожи 
16,"Древесина и изделия из дерева и пробки, кроме мебели; изделия из соломки и материалов для плетения "
17,Бумага и изделия из бумаги 
18,"Услуги печатные и услуги по копированию звуко- и видеозаписей, а также программных средств "
19,Кокс и нефтепродукты 
20,Вещества химические и продукты химические 
21,"Средства лекарственные и материалы, применяемые в медицинских целях "
22,Изделия резиновые и пластмассовые 
23,Продукты минеральные неметаллические прочие 
24,Металлы основные 
25,"Изделия металлические готовые, кроме машин и оборудования "
26,"Оборудование компьютерное, электронное и оптическое "
27,Оборудование электрическое 
28,"Машины и оборудование, не включенные в другие группировки "
29,"Средства автотранспортные, прицепы и полуприцепы "
30,"Средства транспортные и оборудование, прочие "
31,Мебель 
32,Изделия готовые прочие 
33,Услуги по ремонту и монтажу машин и оборудования 
35,"Электроэнергия, газ, пар и кондиционирование воздуха "
36,Вода природная; услуги по очистке воды и водоснабжению 
37,Услуги по водоотведению; шлам сточных вод 
38,"Услуги по сбору, обработке и удалению отходов; услуги по утилизации отходов "
39,Услуги по рекультивации и прочие услуги по утилизации отходов 
41,Здания и работы по возведению зданий 
42,Сооружения и строительные работы в области гражданского строительства 
43,Работы строительные специализированные 
45,Услуги по оптовой и розничной торговле и услуги по ремонту автотранспортных средств и мотоциклов 
46,"Услуги по оптовой торговле, кроме оптовой торговли автотранспортными средствами и мотоциклами "
47,"Услуги по розничной торговле, кроме розничной торговли автотранспортными средствами и мотоциклами "
49,Услуги сухопутного и трубопроводного транспорта 
50,Услуги водного транспорта 
51,Услуги воздушного и космического транспорта 
52,Услуги по складированию и вспомогательные транспортные услуги 
53,Услуги почтовой связи и услуги курьерские 
55,Услуги по предоставлению мест для временного проживания 
56,Услуги общественного питания 
58,Услуги издательские 
59,"Услуги по производству кинофильмов, видеофильмов и телевизионных программ, звукозаписей и изданию музыкальных записей "
60,Услуги в области телеи радиовещания 
61,Услуги телекоммуникационные 
62,Продукты программные и услуги по разработке программного обеспечения; консультационные и аналогичные услуги в области информационных технологий 
63,Услуги в области информационных технологий 
64,"Услуги финансовые, кроме услуг по страхованию и пенсионному обеспечению "
65,"Услуги по страхованию, перестрахованию и негосударственному пенсионному обеспечению, кроме обязательного социального обеспечения "
66,"Услуги вспомогательные, связанные с услугами финансового посредничества и страхования "
68,Услуги по операциям с недвижимым имуществом 
69,Услуги юридические и бухгалтерские 
70,Услуги головных офисов; услуги консультативные в области управления предприятием 
71,"Услуги в области архитектуры и инженерно-технического проектирования, технических испытаний, исследований и анализа "
72,"Услуги и работы, связанные с научными исследованиями и экспериментальными разработками "
73,Услуги рекламные и услуги по исследованию конъюнктуры рынка 
74,"Услуги профессиональные, научные и технические, прочие "
75,Услуги ветеринарные 
77,Услуги по аренде и лизингу 
78,Услуги по трудоустройству и подбору персонала 
79,"Услуги туристических агентств, туроператоров и прочие услуги по бронированию и сопутствующие им услуги "
80,Услуги по обеспечению безопасности и проведению расследований 
81,Услуги по обслуживанию зданий и территорий 
82,"Услуги в области административного, хозяйственного и прочего вспомогательного обслуживания "
84,"Услуги в области государственного управления и обеспечения военной безопасности, услуги в области обязательного социального обеспечения "
85,Услуги в области образования 
86,Услуги в области здравоохранения 
87,Услуги по предоставлению ухода с обеспечением проживания 
88,Услуги социальные без обеспечения проживания 
90,"Услуги в области творчества, искусства и развлечений "
91,"Услуги библиотек, архивов, музеев и прочие услуги в области культуры "
92,"Услуги по организации и проведению азартных игр и заключению пари, лотерей "
93,"Услуги, связанные со спортом, и услуги по организации развлечений и отдыха "
94,Услуги общественных организаций и прочих некоммерческих организаций 
95,"Услуги по ремонту компьютеров, предметов личного потребления и бытовых товаров "
96,Услуги персональные прочие 
97,Услуги домашних хозяйств с наемными работниками 
98,Продукция и различные услуги частных домашних хозяйств для собственных нужд 
99,"Услуги, предоставляемые экстерриториальными организациями и органами "
1.1,Культуры однолетние 
1.11,"Культуры зерновые (кроме риса), зернобобовые, семена масличных культур "
1.12,Рис нешелушеный 
1.13,"Овощи и культуры бахчевые, корнеплоды и клубнеплоды "
1.14,Тростник сахарный 
1.15,Табак необработанный 
1.16,Культуры волокнистые прядильные 
1.19,Культуры однолетние прочие 
1.2,Культуры многолетние 
1.21,Виноград 
1.22,Фрукты тропические и субтропические 
1.23,Плоды цитрусовых культур 
1.24,Плоды семечковых и косточковых культур 
1.25,"Плоды прочих плодовых деревьев, кустарников и орехов "
1.26,Плоды масличных культур 
1.27,Культуры для производства напитков 
1.28,"Пряности и растения, используемые в парфюмерии и фармации "
1.29,Культуры многолетние прочие 
1.3,"Материалы растительные: растения живые; луковицы, клубнелуковицы и корневища; отводки и черенки; грибницы "
1.4,Животные живые и продукты животного происхождения 
1.41,"Скот молочный крупный рогатый живой, молоко сырое крупного рогатого скота "
1.42,Скот крупный рогатый прочий и буйволы живые и их сперма 
1.43,Лошади и прочие животные семейства лошадиных живые 
1.44,Верблюды и прочие животные семейства верблюдовых живые 
1.45,Овцы и козы живые 
1.46,Свиньи живые 
1.47,Птица сельскохозяйственная живая и яйца 
1.49,Животные живые прочие и продукты животного происхождения 
1.6,"Услуги в области растениеводства и животноводства, кроме ветеринарных услуг "
1.61,"Услуги, связанные с выращиванием сельскохозяйственных культур "
1.62,Услуги в области животноводства 
1.63,"Услуги в области растениеводства, предоставляемые после сбора урожая "
1.64,Услуги по обработке и подготовке семян сельскохозяйственных культур к севу 
1.7,"Услуги, связанные с охотой, ловлей и разведением диких животных "
2.1,"Продукция лесоводства, услуги лесопитомников "
2.2,Лесоматериалы необработанные 
2.3,Продукция лесного хозяйства прочая 
2.4,"Услуги, связанные с лесоводством и лесозаготовками "
3.1,"Рыба и прочая продукция рыболовства; услуги, связанные с рыболовством "
3.11,"Рыба и прочая продукция морского рыболовства; услуги, связанные с морским рыболовством "
3.12,"Рыба и прочая продукция пресноводного рыболовства; услуги, связанные с пресноводным рыболовством "
3.2,"Рыба и прочая продукция рыбоводства; услуги, связанные с рыбоводством "
3.21,"Рыба и прочая продукция морского рыбоводства; услуги, связанные с морским рыбоводством "
3.22,"Рыба и прочая продукция пресноводного рыбоводства; услуги, связанные с пресноводным рыбоводством "
5.1,Уголь 
5.2,Уголь бурый (лигнит) 
6.1,Нефть 
6.2,Газ природный в газообразном или сжиженном состоянии 
7.1,Руды железные 
7.2,Руды цветных металлов 
7.21,Руды урановые и ториевые 
7.29,Руды и концентраты прочих цветных металлов 
8.1,"Камень, песок и глина "
8.11,"Камень для памятников или строительства, известняк, гипс, мел и сланцы "
8.12,"Гравий, песок, глины и каолин "
8.9,"Продукция горнодобывающих производств, не включенная в другие группировки "
8.91,Сырье минеральное для химических производств и производства удобрений 
8.92,Торф 
8.93,"Соль и хлорид натрия чистый, вода морская "
8.99,"Продукция горнодобывающих производств прочая, не включенная в другие группировки "
9.1,Услуги по добычи нефти и природного газа 
9.1,Услуги по добыче нефти и природного газа 
9.9,Услуги в горнодобывающем производстве прочие 
10.1,"Мясо и мясо птицы, прочие продукты убоя. Мясные пищевые продукты, включая продукты из мяса птицы "
10.11,"Мясо и прочие продукты убоя, включая мясо консервированное "
10.12,"Мясо сельскохозяйственной птицы и прочие продукты убоя, включая консервированные "
10.13,"Продукция мясная пищевая, в том числе из мяса птицы "
10.2,"Рыба переработанная и консервированная, ракообразные и моллюски "
10.3,Фрукты и овощи переработанные и консервированные 
10.31,Картофель переработанный и консервированный 
10.32,Продукция соковая из фруктов и овощей 
10.39,"Фрукты, овощи и грибы переработанные и консервированные, не включенные в другие группировки "
10.4,Масла и жиры животные и растительные 
10.41,Масла и жиры 
10.42,"Маргарин, спреды растительно-сливочные и растительно-жировые, смеси топленые растительно-сливочные и растительно-жировые, жиры специального назначения, заменители молочного жира, эквиваленты, улучшители, заменители масла какао "
10.5,Молоко и молочная продукция 
10.52,Мороженое 
10.6,"Продукция мукомольно-крупяного производства, крахмалы и крахмалопродукты "
10.61,Продукция мукомольно-крупяного производства 
10.62,Крахмалы и крахмалопродукты 
10.7,Изделия хлебобулочные и мучные кондитерские 
10.71,"Изделия хлебобулочные; мучные кондитерские изделия, торты и пирожные недлительного хранения "
10.72,"Изделия сухарные и печенье; мучные кондитерские изделия, торты и пирожные длительного хранения "
10.73,"Изделия макаронные, кускус и аналогичные мучные изделия "
10.8,Продукты пищевые прочие 
10.81,Сахар 
10.82,"Какао, шоколад и изделия кондитерские сахаристые "
10.83,Чай и кофе обработанные 
10.84,Приправы и пряности 
10.85,Продукты пищевые готовые и блюда 
10.86,Продукция детского питания и диетическая 
10.89,"Продукты пищевые прочие, не включенные в другие группировки "
10.9,Корма готовые для животных 
10.91,Корма готовые для сельскохозяйственных животных 
10.92,Корм готовый для непродуктивных животных 
11.0,Напитки 
11.01,Напитки алкогольные дистиллированные и ректификованные 
11.02,Вина виноградные 
11.03,Сидр и прочие плодовые вина 
11.04,Напитки сброженные недистиллированные прочие 
11.05,Пиво 
11.06,Солод 
11.07,Напитки безалкогольные; минеральные воды и прочие питьевые воды в бутылках 
12.0,Изделия табачные 
13.1,Пряжа и нити текстильные 
13.2,Ткани текстильные 
13.3,Услуги по отделке пряжи и тканей 
13.9,Изделия текстильные прочие 
13.91,Полотна трикотажные или вязаные 
13.92,Изделия текстильные готовые (кроме одежды) 
13.93,Ковры и ковровые изделия 
13.94,"Канаты, веревки, шпагат и сети "
13.95,Материалы нетканые и изделия из них (кроме одежды) 
13.96,Изделия текстильные технического назначения прочие 
13.99,"Изделия текстильные прочие, не включенные в другие группировки "
14.1,"Одежда, кроме одежды из меха "
14.11,Одежда из кожи 
14.12,Спецодежда 
14.13,Одежда верхняя прочая 
14.14,Белье нательное 
14.19,Одежда прочая и аксессуары 
14.2,Изделия меховые 
14.3,Предметы одежды трикотажные и вязаные 
14.31,Изделия чулочно-носочные трикотажные или вязаные 
14.39,Предметы одежды трикотажные и вязаные прочие 
15.1,"Кожа дубленая и выделанная; чемоданы, сумки дамские, изделия шорно-седельные и упряжь; меха выделанные и окрашенные "
15.11,Кожа дубленая и выделанная; меха выделанные и окрашенные 
15.12,"Чемоданы, сумки дамские и аналогичные изделия; изделия шорно-седельные и упряжь "
15.2,Обувь 
16.1,"Лесоматериалы, распиленные и строганые "
16.2,"Изделия из дерева, пробки, соломки и материалов для плетения "
16.21,Листы для облицовки и плиты многослойные 
16.22,Полы паркетные 
16.23,Изделия деревянные строительные и столярные прочие 
16.24,Тара деревянная 
16.29,"Изделия из дерева, пробки, соломки и материалов для плетения, прочие "
17.1,"Целлюлоза, бумага и картон "
17.11,Целлюлоза 
17.12,Бумага и картон 
17.2,Изделия из бумаги и картона 
17.21,Бумага и картон гофрированные и тара бумажная и картонная 
17.22,Изделия хозяйственные и санитарно-гигиенические и туалетные принадлежности 
17.23,Принадлежности канцелярские бумажные 
17.24,Обои 
17.29,Изделия из бумаги и картона прочие 
18.1,"Услуги полиграфические и услуги, связанные с печатанием "
18.11,Услуги по печатанию газет 
18.12,Услуги печатные прочие 
18.13,Услуги по подготовке к печати и предпечатные услуги 
18.14,Услуги переплетные и связанные с переплетом и отделкой книг и аналогичных изделий 
18.2,"Услуги по копированию звуко- и видеозаписей, а также программных средств "
19.1,Продукция коксовых печей 
19.2,Нефтепродукты 
19.3,Продукция агломерации угля 
20.1,"Вещества химические основные, удобрения химические и азотные, пластмассы и синтетический каучук в первичных формах "
20.11,Газы промышленные 
20.12,Красители и пигменты 
20.13,Вещества химические неорганические основные прочие 
20.14,Вещества химические органические основные прочие 
20.15,Удобрения и соединения азотные 
20.16,Пластмассы в первичных формах 
20.17,Каучуки синтетические в первичных формах 
20.2,Пестициды и агрохимические продукты прочие 
20.3,"Материалы лакокрасочные и аналогичные для нанесения покрытий, полиграфические краски и мастики "
20.4,"Мыло и средства моющие, средства чистящие и полирующие, средства парфюмерные и косметические "
20.41,"Мыло и моющие средства, чистящие и полирующие средства "
20.42,Средства парфюмерные и косметические 
20.5,Продукты химические прочие 
20.51,Вещества взрывчатые 
20.52,Клеи 
20.53,Масла эфирные 
20.59,"Продукты химические прочие, не включенные в другие группировки "
20.6,Волокна химические 
21.1,Субстанции фармацевтические 
21.2,"Препараты лекарственные и материалы, применяемые в медицинских целях "
22.1,Изделия резиновые 
22.11,"Шины, покрышки и камеры резиновые; восстановление протекторов и резиновых шин "
22.19,Изделия из резины прочие 
22.2,Изделия из пластмасс 
22.21,"Плиты, листы, трубы и профили пластмассовые "
22.22,Изделия пластмассовые упаковочные 
22.23,Изделия пластмассовые строительные 
22.29,Изделия пластмассовые прочие 
23.1,Стекло и изделия из стекла 
23.11,Стекло листовое 
23.12,Стекло листовое гнутое и обработанное 
23.13,Стекло полое 
23.14,Стекловолокно 
23.19,"Стекло прочее, включая технические изделия из стекла "
23.2,Изделия огнеупорные 
23.3,Материалы керамические строительные 
23.31,Плиты и плитки керамические 
23.32,"Кирпичи, черепица и изделия строительные из обожженной глины "
23.4,Изделия фарфоровые и керамические прочие 
23.41,Изделия керамические хозяйственные и декоративные 
23.42,Изделия санитарно-технические из керамики 
23.43,Изоляторы электрические и арматура изолирующая из керамики 
23.44,Изделия технические прочие из керамики 
23.49,Изделия керамические прочие 
23.5,"Цемент, известь и гипс "
23.51,Цемент 
23.52,Известь и гипс 
23.6,"Изделия из бетона, цемента и гипса "
23.61,"Изделия из бетона, используемые в строительстве "
23.62,Изделия из гипса строительные 
23.63,"Бетон, готовый для заливки (товарный бетон) "
23.64,Смеси и растворы строительные 
23.65,Цемент волокнистый 
23.69,"Изделия из гипса, бетона или цемента прочие "
23.7,"Камень разрезанный, обработанный и отделанный "
23.9,Продукция минеральная неметаллическая прочая 
23.91,Изделия абразивные 
23.99,"Продукция минеральная неметаллическая прочая, не включенная в другие группировки "
24.1,"Железо, чугун, сталь и ферросплавы "
24.2,"Трубы, профили пустотелые и их фитинги стальные "
24.3,Полуфабрикаты стальные прочие 
24.31,Прутки холоднотянутые 
24.32,Штрипс узкий холоднокатаный 
24.33,Изделия холодной штамповки или гибки 
24.34,Проволока холоднотянутая 
24.4,Металлы основные драгоценные и цветные прочие; топливо ядерное переработанное 
24.41,Металлы драгоценные 
24.42,Алюминий 
24.43,"Свинец, цинк и олово "
24.44,Медь 
24.45,Металлы цветные прочие 
24.46,Топливо ядерное переработанное 
24.5,Услуги по литью металлов 
24.51,Услуги по литью чугуна 
24.52,Услуги по литью стали 
24.53,Услуги по литью легких металлов 
24.54,Услуги по литью прочих цветных металлов 
25.1,Металлоконструкции строительные 
25.11,Металлоконструкции строительные и их части 
25.12,Двери и окна из металлов 
25.2,"Резервуары, цистерны и аналогичные емкости из металлов "
25.21,Радиаторы и водогрейные котлы центрального отопления 
25.29,"Резервуары, цистерны и аналогичные емкости из металлов прочие "
25.3,"Котлы паровые, кроме водогрейных котлов центрального отопления "
25.4,Оружие и боеприпасы 
25.5,"Услуги по ковке, прессованию, штамповке и профилированию листового металла; услуги по производству изделий методом порошковой металлургии "
25.6,Услуги по обработке металлов и нанесению покрытий на них; услуги по обработке металлических изделий с использованием основных технологических процессов машиностроения 
25.61,Услуги по обработке металлов и нанесению покрытий на них 
25.62,Услуги по обработке металлических изделий с использованием основных технологических процессов машиностроения 
25.7,"Изделия ножевые, инструмент и универсальные скобяные изделия "
25.71,Изделия ножевые и столовые приборы 
25.72,Замки и петли 
25.73,Инструмент 
25.9,Изделия металлические готовые прочие 
25.91,Бочки и аналогичные емкости из черных металлов 
25.92,Тара металлическая легкая 
25.93,"Проволока, цепи и пружины "
25.94,Изделия крепежные и винты крепежные 
25.99,"Металлоизделия готовые прочие, не включенные в другие группировки "
26.1,Компоненты электронные и платы 
26.11,Компоненты электронные 
26.12,Платы печатные смонтированные 
26.2,Компьютеры и периферийное оборудование 
26.3,Оборудование коммуникационное 
26.4,Техника бытовая электронная 
26.5,"Оборудование для измерения, испытаний и навигации; часы всех видов "
26.51,"Оборудование для измерения, испытаний и навигации "
26.52,Часы всех видов 
26.6,"Оборудование для облучения, электрическое диагностическое и терапевтическое, применяемые в медицинских целях "
26.7,Приборы оптические и фотографическое оборудование 
26.8,Носители информации магнитные и оптические 
26.8,Носители данных магнитные и оптические 
27.1,"Электродвигатели, генераторы, трансформаторы и электрическая распределительная и контрольно-измерительная аппаратура "
27.11,"Электродвигатели, генераторы и трансформаторы "
27.12,Аппаратура распределительная и регулирующая электрическая 
27.2,Батареи и аккумуляторы 
27.3,Кабели и арматура кабельная 
27.31,Кабели волоконно-оптические 
27.32,Провода и кабели электронные и электрические прочие 
27.33,Изделия электроустановочные 
27.4,Оборудование электрическое осветительное 
27.5,Приборы бытовые 
27.51,Приборы бытовые электрические 
27.52,Приборы бытовые неэлектрические 
27.9,Оборудование электрическое прочее 
28.1,Машины и оборудование общего назначения 
28.11,"Двигатели и турбины, кроме двигателей авиационных, автомобильных и мотоциклетных "
28.12,Оборудование гидравлическое и пневматическое силовое 
28.13,Насосы и компрессоры прочие 
28.14,"Арматура трубопроводная (арматура)(краны, клапаны и прочие) "
28.15,"Подшипники, зубчатые колеса, зубчатые передачи и элементы приводов "
28.2,Машины и оборудование общего назначения прочие 
28.21,"Камеры, печи и печные горелки "
28.22,Оборудование подъемно-транспортное 
28.23,"Машины офисные и оборудование, кроме компьютеров и периферийного оборудования "
28.24,Инструменты ручные с механизированным приводом 
28.25,Оборудование промышленное холодильное и вентиляционное 
28.29,"Машины и оборудование общего назначения прочие, не включенные в другие группировки "
28.3,Машины и оборудование для сельского и лесного хозяйства 
28.4,Оборудование металлообрабатывающее и станки 
28.41,Оборудование металлообрабатывающее 
28.49,Станки прочие 
28.9,Оборудование специального назначения прочее 
28.91,Оборудование для металлургии 
28.92,Оборудование для добычи полезных ископаемых подземным и открытым способами и строительства 
28.93,"Оборудование для производства пищевых продуктов, напитков и табачных изделий "
28.94,"Оборудование для текстильного, швейного и кожевенного производства "
28.95,Оборудование для производства бумаги и картона 
28.96,Оборудование для обработки резины и пластмасс 
28.99,"Оборудование специального назначения прочее, не включенное в другие группировки "
29.1,Средства автотранспортные 
29.2,Кузова (корпуса) для автотранспортных средств; прицепы и полуприцепы 
29.3,Части и принадлежности для автотранспортных средств 
29.31,Оборудование электрическое и электронное для автотранспортных средств 
29.32,Комплектующие и принадлежности для автотранспортных средств прочие 
30.1,"Корабли, суда и лодки "
30.11,"Корабли, суда и плавучие конструкции "
30.12,Суда прогулочные и спортивные 
30.2,Локомотивы железнодорожные и подвижной состав 
30.3,Аппараты летательные и космические и соответствующее оборудование; беспилотные авиационные системы (БАС) 
30.4,Машины боевые военные 
30.9,"Средства транспортные и оборудование, не включенные в другие группировки "
30.91,Мотоциклы 
30.92,Велосипеды и коляски инвалидные 
30.99,"Средства транспортные и оборудование прочие, не включенные в другие группировки "
31.0,Мебель 
31.01,Мебель для офисов и предприятий торговли 
31.02,Мебель кухонная 
31.03,Матрасы 
31.09,Мебель прочая 
32.1,"Изделия ювелирные, бижутерия и подобные изделия "
32.11,Монеты 
32.12,Изделия ювелирные и подобные 
32.13,Бижутерия и подобные изделия 
32.2,Инструменты музыкальные 
32.3,Товары спортивные 
32.4,Игры и игрушки 
32.5,Инструменты и оборудование медицинские 
32.9,"Изделия готовые, не включенные в другие группировки "
32.91,Метлы и щетки 
32.99,"Изделия готовые прочие, не включенные в другие группировки "
33.1,"Услуги по ремонту металлоизделий, машин и оборудования "
33.11,Услуги по ремонту металлоизделий 
33.12,Услуги по ремонту оборудования 
33.13,Услуги по ремонту электронного и оптического оборудования 
33.14,Услуги по ремонту электрического оборудования 
33.15,Услуги по ремонту и техническому обслуживанию судов и лодок 
33.16,Услуги по ремонту и техническому обслуживанию летательных и космических аппаратов 
33.17,Услуги по ремонту и техническому обслуживанию прочих транспортных средств и обо рудования 
33.19,Услуги по ремонту прочего оборудования 
33.2,Услуги по монтажу промышленных машин и оборудования 
35.1,"Услуги по производству, передаче и распределению электроэнергии "
35.11,Электроэнергия 
35.12,Услуги по передаче электроэнергии и технологическому присоединению к распределительным электросетям 
35.13,Услуги по распределению электроэнергии 
35.14,Услуги по торговле электроэнергией 
35.2,Газы горючие искусственные; услуги по распределению газообразного топлива по трубопроводам 
35.21,Газы горючие искусственные 
35.22,Услуги по распределению газообразного топлива по трубопроводам 
35.23,"Услуги по торговле газом, подаваемым по трубопроводам "
35.3,Услуги по снабжению паром и кондиционированию воздуха 
36.0,Вода природная; услуги по очистке воды и водоснабжению 
37.0,Услуги по водоотведению; шлам сточных вод 
38.1,Отходы; услуги по сбору отходов 
38.11,Отходы неопасные; услуги по сбору неопасных отходов 
38.12,Отходы опасные; услуги по сбору опасных отходов 
38.2,Услуги по обработке и утилизации отходов 
38.21,Услуги по переработке и утилизации отходов неопасных 
38.22,Услуги по переработке и утилизации опасных отходов 
38.3,Услуги по восстановлению материалов; вторичное сырье 
38.31,Услуги по демонтажу обломков 
38.32,Услуги по сортировке материалов для восстановления; сырье вторичное 
39.0,Услуги по рекультивации и прочие услуги по утилизации отходов 
41.1,Документация проектная для строительства 
41.2,Здания и работы по возведению зданий 
42.1,Дороги автомобильные и железные; строительные работы по строительству автомобильных дорог и железных дорог 
42.11,Дороги автомобильные и автомагистрали; строительные работы по строительству автомобильных дорог и автомагистралей 
42.12,Дороги железные наземные и подземные; строительные работы по строительству наземных и подземных железных дорог 
42.13,Мосты и тоннели; строительные работы по строительству мостов и тоннелей 
42.2,Сооружения и строительные работы по строительству инженерных коммуникаций 
42.21,Сооружения и строительные работы по строительству инженерных коммуникаций для жидкостей и газов 
42.22,Сооружения и строительные работы по строительству коммунальных объектов для электроснабжения и связи 
42.9,Сооружения и строительные работы по строительству прочих гражданских сооружений 
42.91,Сооружения водные; работы строительные по строительству водных сооружений 
42.99,"Сооружения и строительные работы по строительству прочих гражданских сооружений, не включенных в другие группировки "
43.1,Работы по сносу зданий и сооружений и по подготовке строительного участка 
43.11,Работы по сносу зданий и сооружений 
43.12,Работы по подготовке строительной площадки 
43.13,Работы буровые и разведочные буровые 
43.2,"Работы электромонтажные, работы по монтажу водопроводных и канализационных систем и прочие строительно-монтажные работы "
43.21,Работы электромонтажные 
43.22,"Работы по монтажу систем водопровода, канализации, отопления и кондиционирования воздуха "
43.29,Работы строительно-монтажные прочие 
43.3,Работы завершающие и отделочные в зданиях и сооружениях 
43.31,Работы штукатурные 
43.32,Работы столярные и плотничные 
43.33,Работы по устройству покрытий полов и облицовке стен 
43.34,Работы малярные и стекольные 
43.39,"Работы завершающие и отделочные в зданиях и сооружениях, прочие "
43.9,Работы строительные специализированные прочие 
43.91,Работы кровельные 
43.99,"Работы строительные специализированные, не включенные в другие группировки "
45.1,Услуги по торговле автотранспортными средствами 
45.11,Услуги по торговле легковыми автомобилями и грузовыми автомобилями малой грузоподъемности 
45.19,Услуги по торговле прочими автотранспортными средствами 
45.2,Услуги по техническому обслуживанию и ремонту автотранспортных средств 
45.3,"Услуги по торговле автомобильными деталями, узлами и принадлежностями "
45.31,"Услуги по оптовой торговле автомобильными деталями, узлами и принадлежностями "
45.32,"Услуги по розничной торговле автомобильными деталями, узлами и принадлежностями "
45.4,"Услуги по торговле мотоциклами, их деталями, узлами и принадлежностями; техническое обслуживание и ремонт мотоциклов "
46.1,Услуги по оптовой торговле за вознаграждение или на договорной основе 
46.11,"Услуги по оптовой торговле сельскохозяйственным сырьем, живыми животными, текстильным сырьем и полуфабрикатами за вознаграждение или на договорной основе "
46.12,"Услуги по оптовой торговле топливом, рудами, металлами и промышленными химическими веществами за вознаграждение или на договорной основе "
46.13,Услуги по оптовой торговле древесиной и строительными материалами за вознаграждение или на договорной основе 
46.14,"Услуги по оптовой торговле машинами, производственным оборудованием, судами и летательными аппаратами за вознаграждение или на договорной основе "
46.15,"Услуги по оптовой торговле мебелью, бытовыми товарами, скобяными, ножевыми и прочими металлическими изделиями за вознаграждение или на договорной основе "
46.16,"Услуги по оптовой торговле текстильными изделиями, одеждой, изделиями из меха, обувью и изделиями из кожи за вознаграждение или на договорной основе "
46.17,"Услуги по оптовой торговле пищевыми продуктами, напитками и табачными изделия ми за вознаграждение или на договорной основе "
46.18,Услуги по оптовой торговле прочими отдельными товарами за вознаграждение или на договорной основе 
46.19,Услуги по оптовой торговле универсальным ассортиментом товаров за вознаграждение или на договорной основе 
46.2,Услуги по оптовой торговле сельскохозяйственным сырьем и живыми животными 
46.21,"Услуги по оптовой торговле зерном, необработанным табаком, семенами и кормами для животных "
46.22,Услуги по оптовой торговле цветами и растениями 
46.23,Услуги по оптовой торговле живыми животными 
46.24,Услуги по оптовой торговле шкурами и кожей 
46.3,"Услуги по оптовой торговле пищевыми продуктами, напитками и табачными изделиями "
46.31,Услуги по оптовой торговле фруктами и овощами 
46.32,Услуги по оптовой торговле мясом и мясными продуктами 
46.33,"Услуги по оптовой торговле молочными продуктами, яйцами, пищевыми маслами и жирами "
46.34,Услуги по оптовой торговле алкогольными и другими напитками 
46.35,Услуги по оптовой торговле табачными изделиями 
46.36,"Услуги по оптовой торговле сахаром, шоколадом и сахаристыми кондитерскими изделиями "
46.37,"Услуги по оптовой торговле кофе, чаем, какао и пряностями "
46.38,"Услуги по оптовой торговле прочими пищевыми продуктами, включая рыбу, ракообразных и моллюсков "
46.39,"Услуги по неспециализированной оптовой торговле пищевыми продуктами, напитками и табачными изделиями "
46.4,Услуги по оптовой торговле непродовольственными потребительскими товарами 
46.41,Услуги по оптовой торговле текстильными изделиями 
46.42,Услуги по оптовой торговле одеждой и обувью 
46.43,Услуги по оптовой торговле бытовыми электроприборами 
46.44,Услуги по оптовой торговле изделиями из фарфора и стекла и чистящими средствами 
46.45,Услуги по оптовой торговле парфюмерными и косметическими товарами 
46.46,Услуги по оптовой торговле фармацевтической продукцией 
46.47,"Услуги по оптовой торговле мебелью, коврами и осветительным оборудованием "
46.48,Услуги по оптовой торговле часами и ювелирными изделиями 
46.49,Услуги по оптовой торговле прочими бытовыми товарами 
46.5,Услуги по оптовой торговле информационным и коммуникационным оборудованием 
46.51,"Услуги по оптовой торговле компьютерами, компьютерными периферийными устройствами и программным обеспечением "
46.52,Услуги по оптовой торговле электронным и телекоммуникационным оборудованием и его частями 
46.6,"Услуги по оптовой торговле прочими машинами, оборудованием и инструментами "
46.61,"Услуги по оптовой торговле сельскохозяйственными машинами, оборудованием и инструментами "
46.62,Услуги по оптовой торговле станками 
46.63,Услуги по оптовой торговле машинами и оборудованием для добычи полезных ископаемых и строительства 
46.64,"Услуги по оптовой торговле машинами и оборудованием для текстильного, швейного и трикотажного производств "
46.65,Услуги по оптовой торговле офисной мебелью 
46.66,Услуги по оптовой торговле прочей офисной техникой и оборудованием 
46.69,Услуги по оптовой торговле прочими машинами и оборудованием 
46.7,Услуги по специализированной оптовой торговле прочие 
46.71,"Услуги по оптовой торговле твердым, жидким и газообразным топливом и связанными продуктами "
46.72,Услуги по оптовой торговле металлами и металлическими рудами 
46.73,"Услуги по оптовой торговле лесоматериалами, строительными материалами и санитарно-техническим оборудованием "
46.74,"Услуги по оптовой торговле скобяными изделиями, водопроводным и отопительным оборудованием и санитарно-технической арматурой "
46.75,Услуги по оптовой торговле химическими продуктами 
46.76,Услуги по оптовой торговле прочими промежуточными продуктами 
46.77,Услуги по оптовой торговле отходами и ломом 
46.9,Услуги по неспециализированной оптовой торговле 
47.1,Услуги по розничной торговле в неспециализированных магазинах 
47.11,"Услуги по розничной торговле преимущественно пищевыми продуктами, включая напитки, и табачными изделиями в неспециализированных магазинах "
47.19,"Услуги по прочей розничной торговле в неспециализированных магазинах, в том числе осуществляемую в магазинах беспошлинной торговли "
47.2,"Услуги по розничной торговле пищевыми продуктами, напитками и табачными изделиями в специализированных магазинах "
47.21,Услуги по розничной торговле фруктами и овощами в специализированных магазинах 
47.22,Услуги по розничной торговле мясом и мясными продуктами в специализированных магазинах 
47.23,"Услуги по розничной торговле рыбой, ракообразными и моллюсками в специализированных магазинах "
47.24,Услуги по розничной торговле хлебом и хлебобулочными изделиями и кондитерскими изделиями в специализированных магазинах 
47.25,Услуги по розничной торговле напитками в специализированных магазинах 
47.26,Услуги по розничной торговле табачными изделиями в специализированных магазинах 
47.29,Услуги по розничной торговли прочими пищевыми продуктами в специализированных магазинах 
47.3,Услуги по розничной торговле моторным топливом в специализированных магазинах 
47.4,Услуги по розничной торговле информационным и коммуникационным оборудованием в специализированных магазинах 
47.41,"Услуги по розничной торговле компьютерами, периферийными устройствами к ним и программным обеспечением в специализированных магазинах "
47.42,"Услуги по розничной торговле телекоммуникационным оборудованием, включая розничную торговлю мобильными телефонами, в специализированных магазинах "
47.43,Услуги по розничной торговле аудио- и видеотехникой в специализированных магазинах 
47.5,Услуги по розничной торговле прочими бытовыми изделиями в специализированных магазинах 
47.51,Услуги по розничной торговле текстильными изделиями в специализированных магазинах 
47.52,"Услуги по розничной торговле скобяными изделиями, лакокрасочными материалами и материалами для остекления в специализированных магазинах "
47.53,"Услуги по розничной торговле коврами, ковровыми изделиями, покрытиями для пола и стен в специализированных магазинах "
47.54,Услуги по розничной торговле бытовыми электротоварами в специализированных магазинах 
47.59,"Услуги по розничной торговле мебелью, осветительными приборами и прочими бытовыми изделиями в специализированных магазинах "
47.6,Услуги по розничной торговле товарами культурно-развлекательного назначения в специализированных магазинах 
47.61,Услуги по розничной торговле книгами в специализированных магазинах 
47.62,Услуги по розничной торговле газетами и канцелярскими товарами в специализированных магазинах 
47.63,Услуги по розничной торговле музыкальными и видеозаписями в специализированных магазинах 
47.64,Услуги по розничной торговле спортивным оборудованием и спортивными товарами в специализированных магазинах 
47.65,Услуги по розничной торговле играми и игрушками в специализированных магазинах 
47.7,Услуги по розничной торговле прочими товарами в специализированных магазинах 
47.71,Услуги по розничной торговле одеждой в специализированных магазинах 
47.72,Услуги по розничной торговле обувью и изделиями из кожи в специализированных магазинах 
47.73,Услуги по розничной торговле лекарственными средствами в специализированных магазинах 
47.74,"Услуги по розничной торговле изделиями, применяемыми в медицинских целях, ортопедическими изделиями в специализированных магазинах "
47.75,Услуги по розничной торговле косметическими товарами и товарами личной гигиены в специализированных магазинах 
47.76,"Услуги по розничной торговле цветами и другими растениями, семенами, удобрениями, домашними животными и кормами для домашних животных в специализированных магазинах "
47.77,Услуги по розничной торговле часами и ювелирными изделиями в специализированных магазинах 
47.78,Услуги прочей розничной торговли в специализированных магазинах 
47.79,Услуги по розничной торговле бывшими в употреблении товарами в магазинах 
47.8,Услуги по розничной торговле в нестационарных торговых объектах и на рынках 
47.81,"Услуги по розничной торговле в нестационарных торговых объектах и на рынках пищевыми продуктами, напитками и табачной продукцией "
47.82,"Услуги по розничной в нестационарных торговых объектах и на рынках текстилем, одеждой и обувью "
47.89,Услуги по розничной торговле в нестационарных торговых объектах и на рынках прочими товарами 
47.9,"Услуги по розничной торговле вне магазинов, палаток, рынков "
47.91,Услуги по розничной торговле по почте или по информационно-коммуникационной сети Интернет 
47.99,"Услуги по прочей розничной торговле вне магазинов, нестационарных торговых объектов, рынков "
49.1,Услуги железнодорожного транспорта по перевозке пассажиров в междугородном и международном сообщении 
49.2,Услуги железнодорожного транспорта по перевозке грузов 
49.3,Услуги сухопутного пассажирского транспорта прочие 
49.31,Услуги по перевозке пассажиров сухопутным транспортом в городском и пригородном сообщении 
49.32,Услуги легкового такси и арендованных легковых автомобилей с водителем 
49.39,"Услуги сухопутного пассажирского транспорта прочие, не включенные в другие группировки "
49.4,Услуги по грузовым перевозкам автомобильным транспортом и услуги по переезду 
49.41,Услуги по грузовым перевозкам автомобильным транспортом 
49.42,Услуги по переезду 
49.5,Услуги трубопроводного транспорта 
50.1,Услуги по заграничным и каботажным перевозкам пассажиров морскими судами 
50.2,Услуги по заграничным и каботажным перевозкам грузов морскими судами 
50.3,Услуги по перевозке пассажиров внутренним водным транспортом 
50.4,Услуги по перевозке грузов внутренним водным транспортом 
51.1,Услуги по пассажирским перевозкам воздушным транспортом 
51.2,Услуги по перевозке грузов воздушным транспортом и космическим транспортом 
51.21,Услуги по перевозке грузов воздушным транспортом 
51.22,Услуги космического транспорта 
52.1,Услуги по складированию и хранению 
52.2,Услуги транспортные вспомогательные 
52.21,"Услуги, связанные с сухопутным транспортом "
52.22,"Услуги, связанные с водным транспортом "
52.23,"Услуги вспомогательные, связанные с воздушным и космическим транспортом "
52.24,Услуги по обработке грузов 
52.29,Услуги транспортные вспомогательные прочие 
53.1,Услуги почтовой связи общего пользования 
53.2,Услуги почтовой связи прочие и услуги курьерские 
55.1,Услуги гостиниц и аналогичные услуги по предоставлению временного жилья 
55.2,Услуги по предоставлению временного жилья в местах отдыха и прочих местах для краткосрочного проживания 
55.3,"Услуги кемпингов, стоянок для передвижных дач и жилых автоприцепов "
55.9,Услуги по предоставлению временного жилья прочие 
56.1,Услуги ресторанов и услуги по доставке продуктов питания 
56.2,Услуги по поставке продукции общественного питания и обслуживанию торжественных мероприятий и прочие услуги по обеспечению питанием 
56.21,Услуги по поставке продукции общественного питания и обслуживанию торжественных мероприятий 
56.29,Услуги по обеспечению питанием прочие 
56.3,Услуги по подаче напитков 
58.1,"Услуги по изданию книг, периодических изданий и прочие издательские услуги "
58.11,Услуги по изданию книг 
58.12,Услуги по изданию адресных справочников и списков адресатов 
58.13,Услуги по изданию газет 
58.14,Услуги по изданию журналов и периодических изданий 
58.19,Услуги в области издательской деятельности прочие 
58.2,Услуги по изданию программного обеспечения 
58.21,Услуги по изданию компьютерных игр 
58.29,Услуги по изданию прочего программного обеспечения 
59.1,"Услуги по производству кинофильмов, видеофильмов и телевизионных программ "
59.12,Услуги по редактированию отснятых материалов кинофильмов и видеофильмов и по компоновке телевизионных программ 
59.13,"Услуги по распространению кинофильмов, видеофильмов и телевизионных программ "
59.14,Услуги по демонстрации кинофильмов 
59.2,Услуги звукозаписи и услуги по изданию музыкальных произведений 
60.1,Услуги в области радиовещания 
60.2,Услуги в области телевизионного вещания 
61.1,Услуги телекоммуникационные проводные 
61.2,Услуги телекоммуникационные беспроводные 
61.3,Услуги спутниковой связи 
61.9,Услуги телекоммуникационные прочие 
62.0,Продукты программные и услуги по разработке программного обеспечения; консультационные и аналогичные услуги в области информационных технологий 
62.01,Продукты программные и услуги по разработке и тестированию программного обеспечения 
62.02,"Услуги консультативные, связанные с компьютерной техникой "
62.03,Услуги по управлению компьютерным оборудованием 
62.09,Услуги в области информационных технологий прочие и компьютерные услуги 
63.1,"Услуги по обработке данных, размещению и взаимосвязанные услуги; порталы в информационно-коммуникационной сети Интернет "
63.11,"Услуги по обработке данных, размещению и взаимосвязанные услуги "
63.12,Содержание порталов в информационно-коммуникационной сети Интернет 
63.9,Услуги информационные прочие 
63.91,Услуги информационных агентств 
63.99,"Услуги информационные прочие, не включенные в другие группировки "
64.1,Услуги по посредничеству в денежно-кредитной сфере 
64.11,Услуги Центрального банка Российской Федерации (Банка России) 
64.19,Услуги по посредничеству в денежно-кредитной сфере прочие 
64.2,Услуги холдинговых компаний 
64.3,Услуги инвестиционных фондов и аналогичных финансовых организаций 
64.9,"Услуги финансовые прочие, кроме услуг по страхованию и пенсионному обеспечению "
64.91,Услуги по финансовой аренде (лизингу/сублизингу) 
64.92,Услуги по предоставлению кредитов прочие 
64.99,"Услуги финансовые прочие, кроме услуг по страхованию и пенсионному обеспечению, не включенные в другие группировки "
65.1,Услуги по страхованию 
65.11,Услуги по страхованию жизни 
65.12,"Услуги по страхованию, кроме страхования жизни "
65.2,Услуги по перестрахованию 
65.3,Услуги негосударственных пенсионных фондов 
66.1,"Услуги вспомогательные, связанные с услугами финансового посредничества, кроме страхования и пенсионного обеспечения "
66.11,Услуги по управлению финансовыми рынками 
66.12,Услуги по брокерским операциям с ценными бумагами и товарами 
66.19,"Услуги вспомогательные прочие по отношению к финансовым услугам, кроме страхования и пенсионного обеспечения "
66.2,Услуги вспомогательные в сфере страхования и негосударственного пенсионного обеспечения 
66.21,Услуги по оценке риска и ущерба 
66.22,Услуги страховых агентов и брокеров 
66.29,Услуги вспомогательные в сфере страхования и пенсионного обеспечения прочие 
66.3,Услуги по управлению фондами 
68.1,Услуги по покупке и продаже собственного недвижимого имущества 
68.2,Услуги по сдаче в аренду (внаем) собственного или арендованного недвижимого имущества 
68.3,Услуги по операциям с недвижимым имуществом за вознаграждение или на договорной основе 
68.31,"Услуги агентств недвижимости, предоставляемые за вознаграждение или на договорной основе "
68.32,"Услуги по управлению недвижимым имуществом, предоставляемые за вознаграждение или на договорной основе "
69.1,Услуги юридические 
69.2,Услуги в области бухгалтерского учета; по проведению финансового аудита; по налоговому консультированию 
70.1,Услуги головных офисов 
70.2,Услуги консультативные по вопросам управления 
70.21,Услуги по связи с общественностью и информации 
70.22,Услуги консультативные в области управления предприятием 
71.1,"Услуги в области архитектуры, инженерно-технического проектирования и связанные технические консультативные услуги "
71.11,Услуги в области архитектуры 
71.12,Услуги в области инженерно-технического проектирования и связанные технические консультативные услуги 
71.2,"Услуги в области технических испытаний, исследований, анализа и сертификации "
72.1,"Услуги, связанные с научными исследованиями и экспериментальными разработками в области естественных и технических наук "
72.11,"Услуги, связанные с научными исследованиями и экспериментальными разработками в области биотехнологии "
72.19,"Услуги, связанные с научными исследованиями и экспериментальными разработками в области естественных и технических наук, прочие "
72.2,"Услуги, связанные с научными исследованиями и экспериментальными разработками в области общественных и гуманитарных наук "
73.1,Услуги рекламные 
73.11,"Услуги, предоставляемые рекламными агентствами "
73.12,Услуги по представительству в средствах массовой информации 
73.2,Услуги по исследованию конъюнктуры рынка и общественного мнения 
74.1,Услуги по специализированному дизайну 
74.2,Услуги в области фотографии 
74.3,Услуги по письменному и устному переводу 
74.9,"Услуги профессиональные, научные и технические, прочие, не включенные в другие группировки "
75.0,Услуги ветеринарные 
77.1,Услуги по аренде и лизингу автотранспортных средств 
77.11,Услуги по аренде и лизингу легковых автомобилей и легких автотранспортных средств 
77.12,Услуги по аренде и лизингу грузовых транспортных средств 
77.2,Услуги по прокату бытовых изделий и предметов личного пользования 
77.21,"Услуги по прокату оборудования для отдыха, развлечений и занятий спортом "
77.22,"Услуги по прокату видеокассет и аудиокассет, грампластинок, компакт-дисков (CD), цифровых видеодисков (DVD) "
77.29,Услуги по прокату прочих бытовых изделий и предметов личного пользования 
77.3,"Услуги по аренде и лизингу прочих машин, оборудования и материальных средств "
77.31,Услуги по аренде и лизингу сельскохозяйственных машин и оборудования 
77.32,Услуги по аренде и лизингу строительных машин и оборудования для гражданского строительства 
77.33,"Услуги по аренде и лизингу офисных машин и оборудования, включая вычислительную технику "
77.34,Услуги по аренде и лизингу водных транспортных средств 
77.35,Услуги по аренде и лизингу воздушных транспортных средств 
77.39,"Услуги по аренде и лизингу прочих машин, оборудования и материальных средств, не включенных в другие группировки "
77.4,"Услуги по предоставлению лицензий на право использования интеллектуальной собственности и аналогичных продуктов, кроме произведений, охраняемых авторским правом "
78.1,"Услуги, предоставляемые агентствами по трудоустройству "
78.2,"Услуги, предоставляемые агентствами по временному трудоустройству "
78.3,Услуги в области трудовых ресурсов по обеспечению персоналом прочие 
79.1,Услуги туристических агентств и туроператоров 
79.11,Услуги туристических агентств 
79.12,Услуги туроператоров 
79.9,Услуги по бронированию и взаимосвязанные услуги прочие 
80.1,"Услуги охранных служб, в том числе частных "
80.2,Услуги систем обеспечения безопасности 
80.3,Услуги по проведению расследований 
81.1,Услуги по комплексному обслуживанию помещений 
81.2,Услуги по чистке и уборке 
81.21,Услуги по общей уборке зданий 
81.22,Услуги по чистке и уборке зданий и промышленной уборке прочие 
81.29,Услуги по чистке и уборке прочие 
81.3,Услуги по планировке ландшафта 
82.1,Услуги в области административного и вспомогательного обслуживания 
82.11,Услуги в области административного обслуживания комплексные 
82.19,"Услуги по фотокопированию, подготовке документов и прочие вспомогательные услуги по обеспечению деятельности офиса "
82.2,Услуги центров обработки телефонных вызовов 
82.3,Услуги по организации конференций и торговых выставок 
82.9,"Услуги вспомогательные, связанные с предпринимательской деятельностью, не включенные в другие группировки "
82.91,Услуги агентств по сбору платежей и бюро кредитной информации 
82.92,Услуги по упаковыванию 
82.99,"Услуги вспомогательные, связанные с предпринимательской деятельностью, прочие, не включенные в другие группировки "
84.1,Услуги государственного управления и услуги в области экономической и социальной политики 
84.11,Услуги государственного управления общего характера 
84.12,"Услуги государственного управления организаций, обеспечивающих услуги в области здравоохранения, образования, культуры, и прочие социальные услуги, кроме услуг в области социального обеспечения "
84.13,Услуги государственного управления по повышению эффективности коммерческой деятельности предприятий 
84.2,Услуги государства обществу в целом 
84.21,Услуги в области международных отношений 
84.22,Услуги в области обеспечения военной безопасности 
84.23,Услуги в области юстиции и правосудия 
84.24,Услуги по обеспечению общественного порядка и безопасности 
84.25,Услуги по обеспечению безопасности в чрезвычайных ситуациях; услуги по обеспечению безопасности в области использования атомной энергии 
84.3,Услуги в области обязательного социального обеспечения 
85.1,Услуги в области общего образования 
85.11,Услуги в области дошкольного образования 
85.12,Услуги в области общего начального образования 
85.13,Услуги в области основного общего образования 
85.14,Услуги в области общего среднего образования 
85.2,Услуги в области профессионального образования 
85.21,Услуги в области среднего профессионального образования 
85.22,Услуги в области высшего образования 
85.23,Услуги по подготовке кадров высшей квалификации 
85.3,Услуги по профессиональному обучению 
85.4,Услуги по дополнительному образованию 
85.41,Услуги по дополнительному образованию детей и взрослых 
85.42,Услуги по дополнительному профессиональному образованию 
86.1,Услуги больничных организаций 
86.2,Услуги в области медицинской и стоматологической практики 
86.21,Услуги в области общей врачебной практики 
86.22,Услуги в области специализированной врачебной практики 
86.23,Услуги в области стоматологии 
86.9,Услуги в области медицины прочие 
87.1,Услуги по медицинскому уходу с обеспечением проживания 
87.2,"Услуги по уходу с обеспечением проживания, предоставляемые для лиц с умственными и физическими недостатками, психиатрическими заболеваниями и наркологическими расстройствами "
87.3,Услуги по уходу с обеспечением проживания для престарелых и инвалидов 
87.9,Услуги по уходу с обеспечением проживания прочие 
88.1,Услуги социальные без обеспечения проживания для престарелых и инвалидов 
88.9,Услуги социальные без обеспечения проживания прочие 
88.91,Услуги по дневному уходу за детьми 
88.99,"Услуги социальные без обеспечения проживания прочие, не включенные в другие группировки "
90.0,"Услуги в области творчества, искусства и развлечений "
90.01,Услуги в области исполнительских искусств 
90.02,Услуги по поддержке исполнительских искусств 
90.03,Творчество художественное 
90.04,Услуги учреждений культуры и искусства 
91.0,"Услуги библиотек, архивов, музеев и прочие услуги в области культуры "
91.01,Услуги библиотек и архивов 
91.02,Услуги музеев 
91.03,"Услуги, связанные с деятельностью по использованию исторических мест, зданий и аналогичных туристических достопримечательностей "
91.04,"Услуги ботанических садов, зоопарков и природных заповедников "
92.1,Услуги по организации и проведению азартных игр и заключению пари 
92.11,Услуги казино 
92.12,Услуги залов игровых автоматов 
92.13,Услуги по организации заключения пари 
92.2,Услуги по организации и проведению лотерей 
92.21,Услуги организаторов лотерей 
92.22,Услуги операторов лотерей 
92.23,Услуги распространителей лотерейных билетов 
93.1,Услуги в области спорта 
93.11,Услуги спортивных объектов 
93.12,"Услуги, оказываемые спортивными клубами "
93.13,Услуги фитнес-центров 
93.19,Услуги в области спорта прочие 
93.2,Услуги в области развлечений и отдыха 
93.21,Услуги парков культуры и отдыха и тематических парков 
93.29,Услуги в области развлечений и отдыха прочие 
94.1,Услуги предпринимательских и профессиональных членских некоммерческих организаций 
94.11,Услуги предпринимательских членских некоммерческих организаций 
94.12,"Услуги, предоставляемые профессиональными членскими организациями "
94.2,"Услуги, предоставляемые профессиональными союзами "
94.9,"Услуги прочих общественных и прочих некоммерческих организаций, не включенных в другие группировки "
94.91,Деятельность религиозных организаций 
94.92,"Услуги, предоставляемые политическими организациями "
94.99,"Услуги прочих общественных организаций и прочих некоммерческих организаций, кроме религиозных и политических организаций "
95.1,Услуги по ремонту компьютеров и коммуникационного оборудования 
95.11,Услуги по ремонту компьютеров и периферийного оборудования 
95.12,Услуги по ремонту коммуникационного оборудования 
95.2,Услуги по ремонту предметов личного потребления и бытовых товаров 
95.21,Услуги по ремонту приборов бытовой электроники 
95.22,"Услуги по ремонту бытовых приборов, домашнего и садового инвентаря "
95.23,Услуги по ремонту обуви и изделий из кожи 
95.24,Услуги по ремонту мебели и предметов домашнего обихода 
95.25,Услуги по ремонту часов и ювелирных изделий 
95.29,Услуги ремонту прочих предметов личного потребления и бытовых товаров 
96.0,Услуги персональные прочие 
96.01,Услуги по стирке и чистке (в том числе химической) изделий из тканей и меха 
96.02,Услуги парикмахерских и услуги салонов красоты прочие 
96.03,Услуги по организации похорон и связанные с этим услуги 
96.04,Услуги в области физкультурно-оздоровительной деятельности 
96.09,"Услуги персональные прочие, не включенные в другие группировки "
97.0,Услуги домашних хозяйств с наемными работниками 
98.1,"Продукция различная, произведенная частными домашними хозяйствами для собственного потребления "
98.2,"Услуги различные, предоставляемые частными домашними хозяйствами для собственного потребления "
99.0,"Услуги, предоставляемые экстерриториальными организациями и органами "
